{"cameraMode":{"drawMode":0,"name":"Shaded","section":"Shading Mode"},"sceneLighting":false,"audioPlay":false,"sceneViewState":{"showFog":true,"showMaterialUpdate":false,"showSkybox":false,"showFlares":true,"showImageEffects":true,"showParticleSystems":true},"in2DMode":false,"pivot":{"x":0.14694957435131074,"y":1.06436288356781,"z":0.0622708797454834},"rotation":{"x":0.08413578569889069,"y":0.02415749616920948,"z":-0.0019819671288132669,"w":0.9961594939231873},"size":2.432511806488037,"orthographic":false}